day,licensee,trips
2026-07-01,Lyft,201866
2026-07-01,Uber,467176
2026-07-02,Lyft,218587
2026-07-02,Uber,488721
2026-07-03,Lyft,221306
2026-07-03,Uber,500647
2026-07-04,Lyft,193042
2026-07-04,Uber,471373
2026-07-05,Lyft,187325
2026-07-05,Uber,421124
2026-07-06,Lyft,184094
2026-07-06,Uber,453325
2026-07-07,Lyft,162620
2026-07-07,Uber,417480
2026-07-08,Lyft,168711
2026-07-08,Uber,441108
2026-07-09,Lyft,180148
2026-07-09,Uber,491464
2026-07-10,Lyft,199260
2026-07-10,Uber,530749
2026-07-11,Lyft,216496
2026-07-11,Uber,565333
2026-07-12,Lyft,202675
2026-07-12,Uber,480592
2026-07-13,Lyft,149520
2026-07-13,Uber,433460
2026-07-14,Lyft,154627
2026-07-14,Uber,467598
2026-07-15,Lyft,170365
2026-07-15,Uber,515222
2026-07-16,Lyft,176158
2026-07-16,Uber,532676
2026-07-17,Lyft,193402
2026-07-17,Uber,557459
2026-07-18,Lyft,202761
2026-07-18,Uber,609331
2026-07-19,Lyft,172606
2026-07-19,Uber,512156
2026-07-20,Lyft,148967
2026-07-20,Uber,459934
2026-07-21,Lyft,153324
2026-07-21,Uber,464549
2026-07-22,Lyft,166629
2026-07-22,Uber,472314
2026-07-23,Lyft,181982
2026-07-23,Uber,486458
2026-07-24,Lyft,201343
2026-07-24,Uber,526268
2026-07-25,Lyft,209512
2026-07-25,Uber,552746
2026-07-26,Lyft,184177
2026-07-26,Uber,489874
2026-07-27,Lyft,146437
2026-07-27,Uber,455600
2026-07-28,Lyft,163015
2026-07-28,Uber,455210
2026-07-29,Lyft,177458
2026-07-29,Uber,472854
2026-07-30,Lyft,201420
2026-07-30,Uber,497931
2026-07-31,Lyft,216042
2026-07-31,Uber,524642
