month,zone_id,borough,zone,trips_measured,long_wait_rate,median_wait_min,p90_wait_min
2026-07,1,EWR,Newark Airport,2,0.5,32.78,54.21
2026-07,2,Queens,Jamaica Bay,81,0.321,7.9,16.82
2026-07,3,Bronx,Allerton/Pelham Gardens,50956,0.0879,4.48,9.57
2026-07,4,Manhattan,Alphabet City,52482,0.1007,4.6,10.03
2026-07,5,Staten Island,Arden Heights,6304,0.2141,6.1,13.8
2026-07,6,Staten Island,Arrochar/Fort Wadsworth,12911,0.1668,5.4,12.12
2026-07,7,Queens,Astoria,206851,0.0525,3.78,8.13
2026-07,8,Queens,Astoria Park,1475,0.0651,4.02,8.67
2026-07,9,Queens,Auburndale,19385,0.0852,4.38,9.45
2026-07,10,Queens,Baisley Park,72767,0.0898,4.53,9.67
2026-07,11,Brooklyn,Bath Beach,26278,0.068,4.1,8.93
2026-07,12,Manhattan,Battery Park,3525,0.1044,4.72,10.19
2026-07,13,Manhattan,Battery Park City,87852,0.055,4.12,8.3
2026-07,14,Brooklyn,Bay Ridge,114310,0.0533,3.93,8.3
2026-07,15,Queens,Bay Terrace/Fort Totten,16325,0.1703,5.53,12.28
2026-07,16,Queens,Bayside,44145,0.0957,4.43,9.87
2026-07,17,Brooklyn,Bedford,156730,0.1122,4.82,10.43
2026-07,18,Bronx,Bedford Park,103552,0.1218,4.83,10.7
2026-07,19,Queens,Bellerose,20057,0.1392,5.38,11.15
2026-07,20,Bronx,Belmont,61073,0.1108,4.62,10.35
2026-07,21,Brooklyn,Bensonhurst East,56171,0.0708,4.07,8.97
2026-07,22,Brooklyn,Bensonhurst West,78765,0.0684,4.15,8.93
2026-07,23,Staten Island,Bloomfield/Emerson Hill,31578,0.1773,5.47,12.62
2026-07,24,Manhattan,Bloomingdale,25938,0.0894,4.38,9.6
2026-07,25,Brooklyn,Boerum Hill,114865,0.0822,4.37,9.38
2026-07,26,Brooklyn,Borough Park,81473,0.0895,4.58,9.65
2026-07,27,Queens,Breezy Point/Fort Tilden/Riis Beach,4193,0.471,9.48,20.73
2026-07,28,Queens,Briarwood/Jamaica Hills,54409,0.093,4.58,9.8
2026-07,29,Brooklyn,Brighton Beach,48459,0.0724,4.13,9.0
2026-07,30,Queens,Broad Channel,2000,0.352,7.75,17.31
2026-07,31,Bronx,Bronx Park,8449,0.1353,5.12,11.25
2026-07,32,Bronx,Bronxdale,52215,0.0982,4.7,9.95
2026-07,33,Brooklyn,Brooklyn Heights,97059,0.0831,4.27,9.37
2026-07,34,Brooklyn,Brooklyn Navy Yard,17677,0.1497,4.95,11.97
2026-07,35,Brooklyn,Brownsville,128817,0.1749,5.67,12.48
2026-07,36,Brooklyn,Bushwick North,162428,0.1211,4.55,10.78
2026-07,37,Brooklyn,Bushwick South,230795,0.118,4.75,10.67
2026-07,38,Queens,Cambria Heights,27198,0.1358,5.25,11.09
2026-07,39,Brooklyn,Canarsie,164904,0.1463,5.27,11.58
2026-07,40,Brooklyn,Carroll Gardens,47339,0.0559,3.95,8.27
2026-07,41,Manhattan,Central Harlem,137920,0.119,4.95,10.63
2026-07,42,Manhattan,Central Harlem North,191224,0.1562,5.43,11.8
2026-07,43,Manhattan,Central Park,31095,0.0611,4.0,8.55
2026-07,44,Staten Island,Charleston/Tottenville,10293,0.2348,6.33,14.45
2026-07,45,Manhattan,Chinatown,53432,0.0845,4.3,9.43
2026-07,46,Bronx,City Island,5813,0.4282,8.85,19.68
2026-07,47,Bronx,Claremont/Bathgate,70777,0.1232,5.03,10.77
2026-07,48,Manhattan,Clinton East,185604,0.0644,3.88,8.58
2026-07,49,Brooklyn,Clinton Hill,118290,0.0821,4.35,9.35
2026-07,50,Manhattan,Clinton West,105786,0.069,4.2,8.87
2026-07,51,Bronx,Co-Op City,87629,0.1417,5.35,11.32
2026-07,52,Brooklyn,Cobble Hill,29347,0.0496,3.78,8.05
2026-07,53,Queens,College Point,34648,0.1784,5.45,12.4
2026-07,54,Brooklyn,Columbia Street,10986,0.0654,4.17,8.68
2026-07,55,Brooklyn,Coney Island,66685,0.1349,4.87,11.27
2026-07,56,Queens,Corona,70389,0.0993,4.67,9.98
2026-07,57,Queens,Corona,6270,0.125,4.97,10.88
2026-07,58,Bronx,Country Club,8209,0.1833,5.83,12.52
2026-07,59,Bronx,Crotona Park,2992,0.1574,5.35,11.78
2026-07,60,Bronx,Crotona Park East,49176,0.1284,5.15,10.93
2026-07,61,Brooklyn,Crown Heights North,272004,0.1299,5.0,11.03
2026-07,62,Brooklyn,Crown Heights South,73761,0.1271,5.05,10.92
2026-07,63,Brooklyn,Cypress Hills,71112,0.1093,4.68,10.33
2026-07,64,Queens,Douglaston,14950,0.2215,6.33,13.38
2026-07,65,Brooklyn,Downtown Brooklyn/MetroTech,98419,0.1103,4.73,10.35
2026-07,66,Brooklyn,DUMBO/Vinegar Hill,80975,0.104,4.48,10.17
2026-07,67,Brooklyn,Dyker Heights,38864,0.0673,4.13,8.9
2026-07,68,Manhattan,East Chelsea,212266,0.0657,3.8,8.63
2026-07,69,Bronx,East Concourse/Concourse Village,110933,0.1569,5.28,11.95
2026-07,70,Queens,East Elmhurst,53209,0.0865,4.25,9.52
2026-07,71,Brooklyn,East Flatbush/Farragut,93143,0.1245,5.02,10.82
2026-07,72,Brooklyn,East Flatbush/Remsen Village,106939,0.165,5.62,12.07
2026-07,73,Queens,East Flushing,22566,0.0933,4.42,9.78
2026-07,74,Manhattan,East Harlem North,148446,0.1303,5.22,10.98
2026-07,75,Manhattan,East Harlem South,127231,0.1035,4.73,10.13
2026-07,76,Brooklyn,East New York,246109,0.1213,4.93,10.73
2026-07,77,Brooklyn,East New York/Pennsylvania Avenue,58465,0.1393,5.17,11.32
2026-07,78,Bronx,East Tremont,96192,0.1221,4.88,10.75
2026-07,79,Manhattan,East Village,223397,0.0489,3.63,7.92
2026-07,80,Brooklyn,East Williamsburg,160833,0.1009,4.33,10.05
2026-07,81,Bronx,Eastchester,65211,0.1387,5.35,11.25
2026-07,82,Queens,Elmhurst,165498,0.083,4.3,9.4
2026-07,83,Queens,Elmhurst/Maspeth,54709,0.0767,4.3,9.15
2026-07,84,Staten Island,Eltingville/Annadale/Prince's Bay,9887,0.1836,5.78,13.03
2026-07,85,Brooklyn,Erasmus,69593,0.1062,4.8,10.22
2026-07,86,Queens,Far Rockaway,47734,0.272,6.73,15.23
2026-07,87,Manhattan,Financial District North,125045,0.0638,3.97,8.63
2026-07,88,Manhattan,Financial District South,55703,0.071,4.08,8.88
2026-07,89,Brooklyn,Flatbush/Ditmas Park,162477,0.0794,4.4,9.32
2026-07,90,Manhattan,Flatiron,124546,0.0362,3.42,7.3
2026-07,91,Brooklyn,Flatlands,103716,0.1153,4.93,10.5
2026-07,92,Queens,Flushing,121087,0.1219,4.8,10.8
2026-07,93,Queens,Flushing Meadows-Corona Park,18564,0.3059,6.6,19.61
2026-07,94,Bronx,Fordham South,46883,0.1226,4.92,10.8
2026-07,95,Queens,Forest Hills,152663,0.093,4.47,9.77
2026-07,96,Queens,Forest Park/Highland Park,3882,0.135,5.13,11.12
2026-07,97,Brooklyn,Fort Greene,140476,0.1048,4.57,10.18
2026-07,98,Queens,Fresh Meadows,19795,0.1234,4.82,10.7
2026-07,99,Staten Island,Freshkills Park,696,0.1997,6.29,13.6
2026-07,100,Manhattan,Garment District,115554,0.0901,4.13,9.63
2026-07,101,Queens,Glen Oaks,21242,0.1654,5.58,12.05
2026-07,102,Queens,Glendale,54623,0.0992,4.65,9.97
2026-07,105,Manhattan,Governor's Island/Ellis Island/Liberty Island,1,0.0,7.83,7.83
2026-07,106,Brooklyn,Gowanus,47393,0.0576,4.13,8.4
2026-07,107,Manhattan,Gramercy,131791,0.0356,3.57,7.38
2026-07,108,Brooklyn,Gravesend,31553,0.0718,4.15,9.05
2026-07,109,Staten Island,Great Kills,15577,0.1948,5.75,13.14
2026-07,110,Staten Island,Great Kills Park,70,0.3,7.88,15.49
2026-07,111,Brooklyn,Green-Wood Cemetery,938,0.0586,4.03,8.48
2026-07,112,Brooklyn,Greenpoint,206928,0.0697,4.02,8.83
2026-07,113,Manhattan,Greenwich Village North,98618,0.0386,3.55,7.38
2026-07,114,Manhattan,Greenwich Village South,107332,0.0499,3.63,7.98
2026-07,115,Staten Island,Grymes Hill/Clifton,17777,0.1944,6.05,13.0
2026-07,116,Manhattan,Hamilton Heights,94323,0.1344,5.03,11.22
2026-07,117,Queens,Hammels/Arverne,39179,0.3007,7.02,16.17
2026-07,118,Staten Island,Heartland Village/Todt Hill,22054,0.1831,5.52,12.77
2026-07,119,Bronx,Highbridge,72449,0.1575,5.25,11.98
2026-07,120,Manhattan,Highbridge Park,2305,0.1492,5.15,11.78
2026-07,121,Queens,Hillcrest/Pomonok,43254,0.1088,4.77,10.3
2026-07,122,Queens,Hollis,28178,0.1308,5.13,10.98
2026-07,123,Brooklyn,Homecrest,51688,0.0446,3.8,7.92
2026-07,124,Queens,Howard Beach,34516,0.1612,5.37,12.11
2026-07,125,Manhattan,Hudson Sq,69273,0.0501,3.67,7.82
2026-07,126,Bronx,Hunts Point,66775,0.1385,5.07,11.22
2026-07,127,Manhattan,Inwood,81375,0.1074,4.48,10.27
2026-07,128,Manhattan,Inwood Hill Park,6416,0.0767,4.27,9.05
2026-07,129,Queens,Jackson Heights,175297,0.088,4.38,9.58
2026-07,130,Queens,Jamaica,179531,0.1155,4.77,10.55
2026-07,131,Queens,Jamaica Estates,33885,0.1021,4.75,10.08
2026-07,132,Queens,JFK Airport,370562,0.2389,6.22,13.93
2026-07,133,Brooklyn,Kensington,36552,0.0517,4.1,8.43
2026-07,134,Queens,Kew Gardens,50620,0.0737,4.25,9.08
2026-07,135,Queens,Kew Gardens Hills,34868,0.0901,4.55,9.68
2026-07,136,Bronx,Kingsbridge Heights,53742,0.1164,4.8,10.58
2026-07,137,Manhattan,Kips Bay,100982,0.0594,3.93,8.42
2026-07,138,Queens,LaGuardia Airport,412394,0.24,5.9,14.05
2026-07,139,Queens,Laurelton,46211,0.132,5.18,11.0
2026-07,140,Manhattan,Lenox Hill East,109696,0.0623,4.05,8.67
2026-07,141,Manhattan,Lenox Hill West,113988,0.0332,3.72,7.4
2026-07,142,Manhattan,Lincoln Square East,122387,0.0443,3.78,7.83
2026-07,143,Manhattan,Lincoln Square West,82570,0.0545,4.05,8.28
2026-07,144,Manhattan,Little Italy/NoLiTa,137061,0.056,3.85,8.25
2026-07,145,Queens,Long Island City/Hunters Point,193211,0.066,3.95,8.68
2026-07,146,Queens,Long Island City/Queens Plaza,54987,0.0509,3.82,8.18
2026-07,147,Bronx,Longwood,43635,0.1137,4.75,10.45
2026-07,148,Manhattan,Lower East Side,198265,0.0778,4.0,9.15
2026-07,149,Brooklyn,Madison,48873,0.0498,3.85,8.02
2026-07,150,Brooklyn,Manhattan Beach,23998,0.0893,4.28,9.63
2026-07,151,Manhattan,Manhattan Valley,52789,0.0804,4.4,9.28
2026-07,152,Manhattan,Manhattanville,45713,0.1401,5.12,11.4
2026-07,153,Manhattan,Marble Hill,20212,0.1224,4.97,10.8
2026-07,154,Brooklyn,Marine Park/Floyd Bennett Field,2200,0.1845,5.65,12.37
2026-07,155,Brooklyn,Marine Park/Mill Basin,58715,0.1324,4.95,11.15
2026-07,156,Staten Island,Mariners Harbor,30667,0.1387,5.12,11.4
2026-07,157,Queens,Maspeth,72426,0.1123,4.68,10.42
2026-07,158,Manhattan,Meatpacking/West Village West,106736,0.0503,3.67,8.02
2026-07,159,Bronx,Melrose South,98800,0.1223,4.87,10.75
2026-07,160,Queens,Middle Village,49450,0.096,4.62,9.88
2026-07,161,Manhattan,Midtown Center,245070,0.0694,3.8,8.77
2026-07,162,Manhattan,Midtown East,164808,0.0383,3.47,7.4
2026-07,163,Manhattan,Midtown North,156338,0.0396,3.52,7.47
2026-07,164,Manhattan,Midtown South,198902,0.0613,3.82,8.47
2026-07,165,Brooklyn,Midwood,54445,0.0536,3.97,8.33
2026-07,166,Manhattan,Morningside Heights,74305,0.0801,4.23,9.23
2026-07,167,Bronx,Morrisania/Melrose,80797,0.1236,5.02,10.77
2026-07,168,Bronx,Mott Haven/Port Morris,141912,0.132,5.1,11.05
2026-07,169,Bronx,Mount Hope,104188,0.1368,5.03,11.18
2026-07,170,Manhattan,Murray Hill,174318,0.0502,3.78,8.05
2026-07,171,Queens,Murray Hill-Queens,45813,0.0793,4.22,9.3
2026-07,172,Staten Island,New Dorp/Midland Beach,13893,0.178,5.4,12.95
2026-07,173,Queens,North Corona,59331,0.1293,5.0,10.97
2026-07,174,Bronx,Norwood,95520,0.0795,4.3,9.27
2026-07,175,Queens,Oakland Gardens,15959,0.1459,5.2,11.37
2026-07,176,Staten Island,Oakwood,7475,0.1959,5.77,13.03
2026-07,177,Brooklyn,Ocean Hill,93029,0.1527,5.37,11.68
2026-07,178,Brooklyn,Ocean Parkway South,15631,0.048,3.98,8.25
2026-07,179,Queens,Old Astoria,77512,0.0651,4.07,8.7
2026-07,180,Queens,Ozone Park,39396,0.0828,4.38,9.43
2026-07,181,Brooklyn,Park Slope,184311,0.0557,3.72,8.1
2026-07,182,Bronx,Parkchester,55942,0.0891,4.52,9.62
2026-07,183,Bronx,Pelham Bay,30227,0.0996,4.48,10.0
2026-07,184,Bronx,Pelham Bay Park,8043,0.2424,5.97,15.85
2026-07,185,Bronx,Pelham Parkway,67513,0.0906,4.47,9.68
2026-07,186,Manhattan,Penn Station/Madison Sq West,122964,0.0738,3.77,8.97
2026-07,187,Staten Island,Port Richmond,16694,0.142,5.17,11.42
2026-07,188,Brooklyn,Prospect-Lefferts Gardens,158271,0.1131,4.9,10.47
2026-07,189,Brooklyn,Prospect Heights,71359,0.0803,4.27,9.27
2026-07,190,Brooklyn,Prospect Park,12061,0.0972,4.55,9.92
2026-07,191,Queens,Queens Village,65643,0.1228,5.03,10.73
2026-07,192,Queens,Queensboro Hill,30801,0.0762,4.28,9.22
2026-07,193,Queens,Queensbridge/Ravenswood,40617,0.0848,4.42,9.48
2026-07,194,Manhattan,Randalls Island,6068,0.3584,7.73,17.77
2026-07,195,Brooklyn,Red Hook,41670,0.1348,4.98,11.22
2026-07,196,Queens,Rego Park,58013,0.0886,4.52,9.62
2026-07,197,Queens,Richmond Hill,98250,0.0935,4.48,9.8
2026-07,198,Queens,Ridgewood,133992,0.1031,4.53,10.12
2026-07,199,Bronx,Rikers Island,8,0.5,9.68,24.93
2026-07,200,Bronx,Riverdale/North Riverdale/Fieldston,39672,0.1373,5.22,11.23
2026-07,201,Queens,Rockaway Park,22212,0.2587,6.27,15.42
2026-07,202,Manhattan,Roosevelt Island,12603,0.2129,6.32,13.23
2026-07,203,Queens,Rosedale,42424,0.2161,6.4,13.22
2026-07,204,Staten Island,Rossville/Woodrow,5918,0.2036,5.77,13.4
2026-07,205,Queens,Saint Albans,94392,0.1453,5.42,11.53
2026-07,206,Staten Island,Saint George/New Brighton,47907,0.1599,5.2,12.08
2026-07,207,Queens,Saint Michaels Cemetery/Woodside,4133,0.0266,3.85,7.15
2026-07,208,Bronx,Schuylerville/Edgewater Park,72587,0.1255,4.88,10.87
2026-07,209,Manhattan,Seaport,42837,0.0797,4.37,9.32
2026-07,210,Brooklyn,Sheepshead Bay,71255,0.0687,4.03,8.8
2026-07,211,Manhattan,SoHo,106395,0.0416,3.52,7.53
2026-07,212,Bronx,Soundview/Bruckner,59440,0.1045,4.78,10.15
2026-07,213,Bronx,Soundview/Castle Hill,107159,0.1358,5.23,11.18
2026-07,214,Staten Island,South Beach/Dongan Hills,18863,0.1555,4.97,11.87
2026-07,215,Queens,South Jamaica,68778,0.1166,4.97,10.55
2026-07,216,Queens,South Ozone Park,142205,0.0748,4.17,9.1
2026-07,217,Brooklyn,South Williamsburg,24703,0.1154,5.03,10.47
2026-07,218,Queens,Springfield Gardens North,46054,0.1198,5.15,10.62
2026-07,219,Queens,Springfield Gardens South,40086,0.1396,5.45,11.15
2026-07,220,Bronx,Spuyten Duyvil/Kingsbridge,77239,0.0972,4.6,9.9
2026-07,221,Staten Island,Stapleton,31878,0.1657,5.47,12.27
2026-07,222,Brooklyn,Starrett City,26733,0.1465,5.42,11.55
2026-07,223,Queens,Steinway,105842,0.0474,3.63,7.85
2026-07,224,Manhattan,Stuy Town/Peter Cooper Village,37209,0.0886,4.82,9.64
2026-07,225,Brooklyn,Stuyvesant Heights,165278,0.1356,5.13,11.2
2026-07,226,Queens,Sunnyside,134015,0.0676,4.18,8.87
2026-07,227,Brooklyn,Sunset Park East,57175,0.0913,4.45,9.72
2026-07,228,Brooklyn,Sunset Park West,115754,0.0947,4.57,9.82
2026-07,229,Manhattan,Sutton Place/Turtle Bay North,101025,0.0295,3.5,7.03
2026-07,230,Manhattan,Times Sq/Theatre District,255913,0.1016,4.15,10.08
2026-07,231,Manhattan,TriBeCa/Civic Center,200175,0.0419,3.67,7.62
2026-07,232,Manhattan,Two Bridges/Seward Park,82944,0.1311,5.07,11.05
2026-07,233,Manhattan,UN/Turtle Bay South,102040,0.0487,3.88,8.03
2026-07,234,Manhattan,Union Sq,199929,0.041,3.57,7.53
2026-07,235,Bronx,University Heights/Morris Heights,93138,0.1607,5.48,11.95
2026-07,236,Manhattan,Upper East Side North,111771,0.0372,3.75,7.5
2026-07,237,Manhattan,Upper East Side South,138973,0.0245,3.35,6.73
2026-07,238,Manhattan,Upper West Side North,89179,0.0641,4.07,8.65
2026-07,239,Manhattan,Upper West Side South,107257,0.0485,3.85,8.0
2026-07,240,Bronx,Van Cortlandt Park,16790,0.1474,5.47,11.43
2026-07,241,Bronx,Van Cortlandt Village,77334,0.1066,4.8,10.23
2026-07,242,Bronx,Van Nest/Morris Park,83175,0.0847,4.37,9.43
2026-07,243,Manhattan,Washington Heights North,111668,0.1235,4.78,10.85
2026-07,244,Manhattan,Washington Heights South,159602,0.1191,4.67,10.72
2026-07,245,Staten Island,West Brighton,17001,0.1613,5.4,12.05
2026-07,246,Manhattan,West Chelsea/Hudson Yards,218645,0.0748,4.22,9.08
2026-07,247,Bronx,West Concourse,121884,0.1832,5.5,13.05
2026-07,248,Bronx,West Farms/Bronx River,53495,0.11,4.85,10.32
2026-07,249,Manhattan,West Village,167421,0.0484,3.65,7.92
2026-07,250,Bronx,Westchester Village/Unionport,54506,0.0837,4.4,9.47
2026-07,251,Staten Island,Westerleigh,18243,0.1237,4.98,10.88
2026-07,252,Queens,Whitestone,29258,0.1447,5.18,11.37
2026-07,253,Queens,Willets Point,1482,0.1761,5.0,13.69
2026-07,254,Bronx,Williamsbridge/Olinville,109261,0.1363,5.3,11.17
2026-07,255,Brooklyn,Williamsburg (North Side),201541,0.0782,3.95,9.15
2026-07,256,Brooklyn,Williamsburg (South Side),168217,0.0814,4.18,9.32
2026-07,257,Brooklyn,Windsor Terrace,29314,0.0483,3.93,8.1
2026-07,258,Queens,Woodhaven,70174,0.1099,4.73,10.3
2026-07,259,Bronx,Woodlawn/Wakefield,76785,0.168,5.8,11.98
2026-07,260,Queens,Woodside,100715,0.0567,3.9,8.42
2026-07,261,Manhattan,World Trade Center,74583,0.0799,4.27,9.27
2026-07,262,Manhattan,Yorkville East,60887,0.0666,4.33,8.87
2026-07,263,Manhattan,Yorkville West,94819,0.0483,4.05,8.08
