month,licensee,pickup_borough,trips_total,trips_measured,measured_share,long_wait_rate,long_wait_rate_5min,long_wait_rate_15min,median_wait_min,p90_wait_min,median_arrival_min,median_boarding_min,stage_split_coverage
2026-06,All,Bronx,2792155,2760135,0.9885,0.14,0.519,0.0417,5.15,11.37,4.1,0.72,0.9975
2026-06,All,Brooklyn,5719120,5652112,0.9883,0.123,0.4788,0.0367,4.85,10.83,3.87,0.65,0.995
2026-06,All,Citywide,20775868,20508401,0.9871,0.1204,0.4674,0.0358,4.77,10.75,3.78,0.65,0.9939
2026-06,All,Manhattan,7148550,7044507,0.9854,0.0978,0.4255,0.0277,4.47,9.93,3.47,0.63,0.9912
2026-06,All,Queens,4768875,4711580,0.988,0.1359,0.4794,0.0417,4.85,11.28,3.88,0.65,0.9947
2026-06,All,Staten Island,345927,338860,0.9796,0.1703,0.5601,0.0584,5.47,12.45,4.6,0.53,0.994
2026-06,All,Unknown / outside NYC,1241,1207,0.9726,0.3935,0.8351,0.1632,8.57,17.52,7.63,0.55,0.9975
2026-06,Lyft,Bronx,724188,714776,0.987,0.0792,0.5261,0.0144,5.17,9.4,3.87,0.78,0.9982
2026-06,Lyft,Brooklyn,1567797,1549299,0.9882,0.0614,0.4551,0.0103,4.73,8.78,3.57,0.7,0.996
2026-06,Lyft,Citywide,5518128,5441369,0.9861,0.0767,0.468,0.0167,4.82,9.25,3.62,0.72,0.9955
2026-06,Lyft,Manhattan,1816968,1790979,0.9857,0.0731,0.4493,0.0152,4.68,9.12,3.48,0.7,0.9923
2026-06,Lyft,Queens,1315359,1294157,0.9839,0.0965,0.4712,0.0273,4.82,9.88,3.63,0.75,0.9976
2026-06,Lyft,Staten Island,93508,91853,0.9823,0.107,0.5543,0.0223,5.37,10.22,4.28,0.62,0.9967
2026-06,Lyft,Unknown / outside NYC,308,305,0.9903,0.3574,0.8262,0.1082,8.13,15.23,6.45,0.72,0.9934
2026-06,Uber,Bronx,2067967,2045359,0.9891,0.1613,0.5165,0.0512,5.15,12.12,4.22,0.7,0.9973
2026-06,Uber,Brooklyn,4151323,4102813,0.9883,0.1463,0.4877,0.0467,4.9,11.67,4.02,0.63,0.9946
2026-06,Uber,Citywide,15257740,15067032,0.9875,0.1362,0.4672,0.0427,4.73,11.33,3.85,0.63,0.9934
2026-06,Uber,Manhattan,5331582,5253528,0.9854,0.1063,0.4174,0.032,4.37,10.25,3.45,0.62,0.9908
2026-06,Uber,Queens,3453516,3417423,0.9895,0.1508,0.4825,0.0472,4.85,11.77,4.0,0.6,0.9936
2026-06,Uber,Staten Island,252419,247007,0.9786,0.1939,0.5622,0.0718,5.52,13.37,4.75,0.52,0.993
2026-06,Uber,Unknown / outside NYC,933,902,0.9668,0.4058,0.8381,0.1818,8.78,18.17,7.97,0.52,0.9989
